Workbook

Sheet README
A1: LM5177 Measurement Data
A2: Item | B2: Description
A3: Scope | B3: Exact sanitized transcription of the project verification record's Chapter 4 measurement tables.
A4: Integrity | B4: No values were synthesized; measured inputs are retained as source values and all derived metrics are formulas.
A5: Recalculation | B5: Formula columns are recalculated in LibreOffice and checked for Excel formula errors.
A6: No-load efficiency | B6: Intentionally blank because the verification record specifies that efficiency is not calculated at no load.
A7: Feedback interpretation | B7: Feedback test values represent the corresponding output voltage, not the controller FB-pin voltage.
A8: Ripple measurement | B8: Output ripple measurements use a 20 MHz bandwidth limit.
A9: License | B9: CC-BY-SA-4.0

Sheet Test_Conditions
A1: Test Conditions and Central Assumptions
A2: Condition | B2: Value | C2: Unit / meaning
A3: Ambient temperature | B3: 25 | C3: deg C
A4: Relative humidity | B4: 0.61 | C4: %
A5: Board exposure | B5: Uncovered | C5: physical condition
A6: Oscilloscope | B6: 100 MHz, 1 GS/s digital oscilloscope | C6: instrument
A7: Multimeter | B7: 3.5-digit digital multimeter | C7: instrument
A8: Load | B8: Single-phase adjustable resistive load | C8: load equipment
A9: Ripple measurement bandwidth limit | B9: 20 | C9: MHz
A10: Output voltage target | B10: 16 | C10: V
A11: Feedback voltage tolerance | B11: 0.01 | C11: %
A12: Ripple limit | B12: 200 | C12: mVpp
A13: CC setpoint | B13: 1 | C13: A
A14: CC absolute error limit | B14: 0.3 | C14: A
A15: Regulation limit | B15: 0.01 | C15: %

Sheet Steady_State
A1: Steady-State Measurements
A2: Vin_set (V) | B2: Iout_set (A) | C2: Vin_meas (V) | D2: Iin_meas (A) | E2: Vout_meas (V) | F2: Iout_meas (A) | G2: Reported voltage error (%) | H2: Reported efficiency (%) | I2: Calculated voltage error (%) | J2: Calculated efficiency (%) | K2: Voltage error delta (%) | L2: Efficiency delta (%) | M2: Operating mode
A3: 10 | B3: 0 | C3: 10.06 | D3: 0.102 | E3: 15.96 | F3: 0 | G3: -0.0025 | I3: =(E3-Test_Conditions!$B$10)/Test_Conditions!$B$10 -> -0.0025 | J3: =IF(OR(F3=0,C3*D3=0),"",(E3*F3)/(C3*D3)) | K3: =I3-G3 -> 5.3342747e-17 | L3: =IF(H3="","",J3-H3) | M3: =IF(A3<Test_Conditions!$B$10,"Boost",IF(A3=Test_Conditions!$B$10,"Equal-voltage","Buck")) -> Boost
A4: 10 | B4: 1 | C4: 10 | D4: 1.74 | E4: 15.95 | F4: 1 | G4: -0.0031 | H4: 0.9167 | I4: =(E4-Test_Conditions!$B$10)/Test_Conditions!$B$10 -> -0.003125 | J4: =IF(OR(F4=0,C4*D4=0),"",(E4*F4)/(C4*D4)) -> 0.91666667 | K4: =I4-G4 -> -2.5e-05 | L4: =IF(H4="","",J4-H4) -> -3.3333333e-05 | M4: =IF(A4<Test_Conditions!$B$10,"Boost",IF(A4=Test_Conditions!$B$10,"Equal-voltage","Buck")) -> Boost
A5: 10 | B5: 3 | C5: 9.93 | D5: 5.21 | E5: 15.95 | F5: 3.05 | G5: -0.0031 | H5: 0.9403 | I5: =(E5-Test_Conditions!$B$10)/Test_Conditions!$B$10 -> -0.003125 | J5: =IF(OR(F5=0,C5*D5=0),"",(E5*F5)/(C5*D5)) -> 0.94031541 | K5: =I5-G5 -> -2.5e-05 | L5: =IF(H5="","",J5-H5) -> 1.5413267e-05 | M5: =IF(A5<Test_Conditions!$B$10,"Boost",IF(A5=Test_Conditions!$B$10,"Equal-voltage","Buck")) -> Boost
A6: 16 | B6: 0 | C6: 16 | D6: 0.164 | E6: 15.965 | F6: 0 | G6: -0.0022 | I6: =(E6-Test_Conditions!$B$10)/Test_Conditions!$B$10 -> -0.0021875 | J6: =IF(OR(F6=0,C6*D6=0),"",(E6*F6)/(C6*D6)) | K6: =I6-G6 -> 1.25e-05 | L6: =IF(H6="","",J6-H6) | M6: =IF(A6<Test_Conditions!$B$10,"Boost",IF(A6=Test_Conditions!$B$10,"Equal-voltage","Buck")) -> Equal-voltage
A7: 16 | B7: 1 | C7: 16 | D7: 1.201 | E7: 15.97 | F7: 1 | G7: -0.0019 | H7: 0.8311 | I7: =(E7-Test_Conditions!$B$10)/Test_Conditions!$B$10 -> -0.001875 | J7: =IF(OR(F7=0,C7*D7=0),"",(E7*F7)/(C7*D7)) -> 0.83107827 | K7: =I7-G7 -> 2.5e-05 | L7: =IF(H7="","",J7-H7) -> -2.173189e-05 | M7: =IF(A7<Test_Conditions!$B$10,"Boost",IF(A7=Test_Conditions!$B$10,"Equal-voltage","Buck")) -> Equal-voltage
A8: 16 | B8: 3 | C8: 16 | D8: 3.296 | E8: 15.96 | F8: 2.98 | G8: -0.0025 | H8: 0.9019 | I8: =(E8-Test_Conditions!$B$10)/Test_Conditions!$B$10 -> -0.0025 | J8: =IF(OR(F8=0,C8*D8=0),"",(E8*F8)/(C8*D8)) -> 0.9018659 | K8: =I8-G8 -> 5.3342747e-17 | L8: =IF(H8="","",J8-H8) -> -3.4101942e-05 | M8: =IF(A8<Test_Conditions!$B$10,"Boost",IF(A8=Test_Conditions!$B$10,"Equal-voltage","Buck")) -> Equal-voltage
A9: 16 | B9: 5 | C9: 16.05 | D9: 5.4 | E9: 15.94 | F9: 4.95 | G9: -0.0038 | H9: 0.9104 | I9: =(E9-Test_Conditions!$B$10)/Test_Conditions!$B$10 -> -0.00375 | J9: =IF(OR(F9=0,C9*D9=0),"",(E9*F9)/(C9*D9)) -> 0.91038422 | K9: =I9-G9 -> 5e-05 | L9: =IF(H9="","",J9-H9) -> -1.5784008e-05 | M9: =IF(A9<Test_Conditions!$B$10,"Boost",IF(A9=Test_Conditions!$B$10,"Equal-voltage","Buck")) -> Equal-voltage
A10: 30 | B10: 0 | C10: 30 | D10: 0.167 | E10: 15.97 | F10: 0 | G10: -0.0019 | I10: =(E10-Test_Conditions!$B$10)/Test_Conditions!$B$10 -> -0.001875 | J10: =IF(OR(F10=0,C10*D10=0),"",(E10*F10)/(C10*D10)) | K10: =I10-G10 -> 2.5e-05 | L10: =IF(H10="","",J10-H10) | M10: =IF(A10<Test_Conditions!$B$10,"Boost",IF(A10=Test_Conditions!$B$10,"Equal-voltage","Buck")) -> Buck
A11: 30 | B11: 1 | C11: 30 | D11: 0.705 | E11: 15.96 | F11: 1 | G11: -0.0025 | H11: 0.7546 | I11: =(E11-Test_Conditions!$B$10)/Test_Conditions!$B$10 -> -0.0025 | J11: =IF(OR(F11=0,C11*D11=0),"",(E11*F11)/(C11*D11)) -> 0.75460993 | K11: =I11-G11 -> 5.3342747e-17 | L11: =IF(H11="","",J11-H11) -> 9.929078e-06 | M11: =IF(A11<Test_Conditions!$B$10,"Boost",IF(A11=Test_Conditions!$B$10,"Equal-voltage","Buck")) -> Buck
A12: 30 | B12: 3 | C12: 30 | D12: 1.776 | E12: 15.95 | F12: 3.03 | G12: -0.0031 | H12: 0.9071 | I12: =(E12-Test_Conditions!$B$10)/Test_Conditions!$B$10 -> -0.003125 | J12: =IF(OR(F12=0,C12*D12=0),"",(E12*F12)/(C12*D12)) -> 0.90706644 | K12: =I12-G12 -> -2.5e-05 | L12: =IF(H12="","",J12-H12) -> -3.3558559e-05 | M12: =IF(A12<Test_Conditions!$B$10,"Boost",IF(A12=Test_Conditions!$B$10,"Equal-voltage","Buck")) -> Buck
A13: 30 | B13: 6.25 | C13: 30 | D13: 3.77 | E13: 15.9 | F13: 6.51 | G13: -0.0062 | H13: 0.9152 | I13: =(E13-Test_Conditions!$B$10)/Test_Conditions!$B$10 -> -0.00625 | J13: =IF(OR(F13=0,C13*D13=0),"",(E13*F13)/(C13*D13)) -> 0.91519894 | K13: =I13-G13 -> -5e-05 | L13: =IF(H13="","",J13-H13) -> -1.061008e-06 | M13: =IF(A13<Test_Conditions!$B$10,"Boost",IF(A13=Test_Conditions!$B$10,"Equal-voltage","Buck")) -> Buck

Sheet Voltage_Feedback
A1: Voltage Feedback Verification
A2: Vin_set (V) | B2: Load (A) | C2: Measured output voltage (V) | D2: Reported verdict | E2: Lower limit (V) | F2: Upper limit (V) | G2: Error (%) | H2: Calculated verdict
A3: 10 | B3: 1 | C3: 15.96 | D3: PASS | E3: =Test_Conditions!$B$10*(1-Test_Conditions!$B$11) -> 15.84 | F3: =Test_Conditions!$B$10*(1+Test_Conditions!$B$11) -> 16.16 | G3: =(C3-Test_Conditions!$B$10)/Test_Conditions!$B$10 -> -0.0025 | H3: =IF(AND(C3>=E3,C3<=F3),"PASS","FAIL") -> PASS
A4: 16 | B4: 1 | C4: 15.97 | D4: PASS | E4: =Test_Conditions!$B$10*(1-Test_Conditions!$B$11) -> 15.84 | F4: =Test_Conditions!$B$10*(1+Test_Conditions!$B$11) -> 16.16 | G4: =(C4-Test_Conditions!$B$10)/Test_Conditions!$B$10 -> -0.001875 | H4: =IF(AND(C4>=E4,C4<=F4),"PASS","FAIL") -> PASS
A5: 30 | B5: 1 | C5: 15.96 | D5: PASS | E5: =Test_Conditions!$B$10*(1-Test_Conditions!$B$11) -> 15.84 | F5: =Test_Conditions!$B$10*(1+Test_Conditions!$B$11) -> 16.16 | G5: =(C5-Test_Conditions!$B$10)/Test_Conditions!$B$10 -> -0.0025 | H5: =IF(AND(C5>=E5,C5<=F5),"PASS","FAIL") -> PASS

Sheet Output_Ripple
A1: Output Ripple Verification
A2: Vin_set (V) | B2: Load (A) | C2: Measured ripple (mVpp) | D2: Reported verdict | E2: Ripple limit (mVpp) | F2: Calculated verdict
A3: 10 | B3: 1 | C3: 122 | D3: PASS | E3: =Test_Conditions!$B$12 -> 200 | F3: =IF(C3<=E3,"PASS","FAIL") -> PASS
A4: 16 | B4: 1 | C4: 130 | D4: PASS | E4: =Test_Conditions!$B$12 -> 200 | F4: =IF(C4<=E4,"PASS","FAIL") -> PASS
A5: 16 | B5: 5 | C5: 161 | D5: PASS | E5: =Test_Conditions!$B$12 -> 200 | F5: =IF(C5<=E5,"PASS","FAIL") -> PASS
A6: 30 | B6: 1 | C6: 44 | D6: PASS | E6: =Test_Conditions!$B$12 -> 200 | F6: =IF(C6<=E6,"PASS","FAIL") -> PASS
A7: 30 | B7: 6.25 | C7: 48 | D7: PASS | E7: =Test_Conditions!$B$12 -> 200 | F7: =IF(C7<=E7,"PASS","FAIL") -> PASS

Sheet CC_Error
A1: Constant-Current Error Verification
A2: Vin_set (V) | B2: CC_set (A) | C2: Measured absolute error (A) | D2: Reported verdict | E2: Absolute error limit (A) | F2: Calculated verdict
A3: 10 | B3: 1 | C3: 0.12 | D3: PASS | E3: =Test_Conditions!$B$14 -> 0.3 | F3: =IF(C3<=E3,"PASS","FAIL") -> PASS
A4: 16 | B4: 1 | C4: 0.16 | D4: PASS | E4: =Test_Conditions!$B$14 -> 0.3 | F4: =IF(C4<=E4,"PASS","FAIL") -> PASS
A5: 30 | B5: 1 | C5: 0.09 | D5: PASS | E5: =Test_Conditions!$B$14 -> 0.3 | F5: =IF(C5<=E5,"PASS","FAIL") -> PASS

Sheet Regulation
A1: Load and Line Regulation
A2: Metric | B2: Vin / comparison (V) | C2: Load / comparison (A) | D2: Reported value (%) | E2: Formula value (%) | F2: Delta (%) | G2: Limit (%) | H2: Reported verdict | I2: Calculated verdict
A3: Load regulation | B3: 10 | C3: 0 to 3 | D3: 0.00063 | E3: =ABS(Steady_State!$E$3-Steady_State!$E$5)/Test_Conditions!$B$10 -> 0.000625 | F3: =E3-D3 -> -5e-06 | G3: =Test_Conditions!$B$15 -> 0.01 | H3: PASS | I3: =IF(E3<=G3,"PASS","FAIL") -> PASS
A4: Load regulation | B4: 16 | C4: 0 to 5 | D4: 0.00156 | E4: =ABS(Steady_State!$E$6-Steady_State!$E$9)/Test_Conditions!$B$10 -> 0.0015625 | F4: =E4-D4 -> 2.5e-06 | G4: =Test_Conditions!$B$15 -> 0.01 | H4: PASS | I4: =IF(E4<=G4,"PASS","FAIL") -> PASS
A5: Load regulation | B5: 30 | C5: 0 to 6.25 | D5: 0.00438 | E5: =ABS(Steady_State!$E$10-Steady_State!$E$13)/Test_Conditions!$B$10 -> 0.004375 | F5: =E5-D5 -> -5e-06 | G5: =Test_Conditions!$B$15 -> 0.01 | H5: PASS | I5: =IF(E5<=G5,"PASS","FAIL") -> PASS
A6: Line regulation | B6: 10, 16, 30 | C6: 1 fixed | D6: 0.00125 | E6: =(MAX(Steady_State!$E$4,Steady_State!$E$7,Steady_State!$E$11)-MIN(Steady_State!$E$4,Steady_State!$E$7,Steady_State!$E$11))/Test_Conditions!$B$10 -> 0.00125 | F6: =E6-D6 -> 8.4350929e-17 | G6: =Test_Conditions!$B$15 -> 0.01 | H6: PASS | I6: =IF(E6<=G6,"PASS","FAIL") -> PASS
A7: Line regulation | B7: 10, 16, 30 | C7: 3 fixed | D7: 0.00063 | E7: =(MAX(Steady_State!$E$5,Steady_State!$E$8,Steady_State!$E$12)-MIN(Steady_State!$E$5,Steady_State!$E$8,Steady_State!$E$12))/Test_Conditions!$B$10 -> 0.000625 | F7: =E7-D7 -> -5e-06 | G7: =Test_Conditions!$B$15 -> 0.01 | H7: PASS | I7: =IF(E7<=G7,"PASS","FAIL") -> PASS

Sheet Data_Dictionary
A1: Data Dictionary
A2: Dataset | B2: Column | C2: Unit | D2: Status | E2: Source / formula meaning
A3: Test_Conditions | B3: Condition | C3: text | D3: Hardcoded condition | E3: Condition or central assumption label.
A4: Test_Conditions | B4: Value | C4: varies | D4: Hardcoded source value | E4: Centralized test condition or assumption used by formulas.
A5: Test_Conditions | B5: Unit / meaning | C5: text | D5: Hardcoded metadata | E5: Unit or physical meaning of the condition.
A6: Steady_State | B6: Vin_set | C6: V | D6: Raw measured input | E6: Set input voltage from Table 4-1.
A7: Steady_State | B7: Iout_set | C7: A | D7: Raw measured input | E7: Set output current from Table 4-1.
A8: Steady_State | B8: Vin_meas | C8: V | D8: Raw measured input | E8: Measured input voltage from Table 4-1.
A9: Steady_State | B9: Iin_meas | C9: A | D9: Raw measured input | E9: Measured input current from Table 4-1.
A10: Steady_State | B10: Vout_meas | C10: V | D10: Raw measured input | E10: Measured output voltage from Table 4-1.
A11: Steady_State | B11: Iout_meas | C11: A | D11: Raw measured input | E11: Measured output current from Table 4-1.
A12: Steady_State | B12: Reported voltage error | C12: % | D12: Raw reported input | E12: Reported percentage stored as an Excel decimal percentage.
A13: Steady_State | B13: Reported efficiency | C13: % | D13: Raw reported input | E13: Reported percentage stored as an Excel decimal percentage; blank at no load.
... A47: Regulation | B47: Calculated verdict | C47: text | D47: Formula | E47: PASS when formula value is at or below the central regulation limit.

Sheet Provenance
A1: Provenance and License
A2: Field | B2: Value
A3: Source | B3: Sanitized project verification record, Chapter 4 tables 4-1 through 4-4
A4: Extraction date | B4: 2026-10-19
A5: Source retention | B5: Source retained privately outside this release
A6: Metadata handling | B6: Identity/document metadata was intentionally omitted
A7: SPDX identifier | B7: CC-BY-SA-4.0
A8: Attribution | B8: LM5177 Power Converter Project Contributors
